solidity, minor_axis_length, max_intensity, eccentricity, min_intensity, weighted_moments_hu1, moments_hu1, area, euler_number, weighted_centroid1, weighted_moments_hu6, bbox2, equivalent_diameter, centroid1, weighted_moments_hu2, bbox3, filled_area, moments_hu0, weighted_centroid0, extent, orientation, centroid0, moments_hu6, moments_hu2, major_axis_length, bbox0, weighted_moments_hu3, label, convex_area, weighted_moments_hu5, moments_hu4, weighted_moments_hu0, bbox1, weighted_moments_hu4, mean_intensity, perimeter, moments_hu3, moments_hu5
0.990248099814, 97.99607194722657, 0.833344705882, 0.8377853203382872, 0.458823529412, 0.0223711042167, 0.0104705253288, 13810.0, 0, 216.162194856, -1.66445102498e-13, 161, 132.60255696174414, 215.442143374, 2.37487086048e-06, 304, 13810, 0.189248377433, 111.368494552, 0.796148968062, 0.004224106664591486, 111.551267198, 3.68224328353e-17, 1.25335112132e-07, 179.4800583924154, 63, 4.11792300608e-06, 1, 13946, 5.77318927925e-07, -1.4745954187e-16, 0.26879137759, 127, 1.28765955103e-11, 0.698631821783, 470.333044483, 5.69090119916e-09, -5.71242915688e-10